[
{
    "label": "unconfig",

    "content": [
        "\nRemoved Berrybrew from PATH"
    ]
},
{
    "label": "available_header",

    "content": [
        "\nThe following Strawberry Perls are available:"
    ]
},
{
    "label": "available_footer",

    "content": [
        "\n* Currently using"
    ]
},
{
    "label": "config_intro",

    "content": [
        "\nThis is berrybrew, version "
    ]
},
{
    "label": "clone_command_usage",

    "content": [
        "",
        "    Usage: berrybrew clone <orig_perl_name> <new_perl_name>"
    ]
},
{
    "label": "add_bb_to_path",

    "content": [
        "Would you like to add berrybrew to PATH? y/n [n] "
    ]
},
{
    "label": "config_success",

    "content": [
        "\nberrybrew was successfully added to PATH, start a new terminal to use it."
    ]
},
{
    "label": "config_failure",

    "content": [
        "\nError adding berrybrew to PATH"
    ]
},
{
    "label": "config_complete",

    "content": [
        "\nberrybrew is already configured on this system."
    ]
},
{
    "label": "install_ver_required",

    "content": [
        "\ninstall command requires a version argument\n",
        "Use the available command to see what versions of Strawberry Perl are available"
    ]
},
{
    "label": "install_ver_unknown",

    "content": [
        "\nUnknown version of Perl\n",
        "Use the available command to see what versions of Strawberry Perl are available"
    ]
},
{
    "label": "modules_command_required",
    
    "content": [
        "\nmodules command requires a sub option. Run 'berrybrew modules help' for details"
    ]
},    
{
    "label": "register_ver_required",
    "content": [
        "\nregister command requires a directory as an argument."
    ]
},

{
    "label": "switch_ver_required",
    "content": [
        "\nswitch command requires a version argument.",
        "Use the available command to see what versions of Strawberry Perl are available"
    ]
},
{
    "label": "remove_ver_required",
    "content": [
        "\nremove command requires a version argument.",
        "Use the available command to see what versions of Strawberry Perl are available"
    ]
},
{
    "label": "use_ver_required",
    "content": [
        "\nuse command requires a version argument.",
        "Use the available command to see what versions of Strawberry Perl are available"
    ]
},
{
    "label": "exec_command_required",
    "content": [
        "\nexec command requires a command to run."
    ]
},
{
    "label": "perl_unknown_version",
    "content": [
        "\nUnknown version of Perl. Use the available command to see what versions of Strawberry Perl are available"
    ]
},
{
    "label": "perl_orphans",
    "content": [
        "\norphaned perl installations: "
    ]
},
{
    "label": "help",

    "content": [

        "",
        "berrybrew <command> [subcommand] [option]",
        "",
        "",
        "    available      List available Strawberry Perl versions and which are installed",
		"    list           List installed Strawberry Perl versions",
        "    clean *        Remove all temporary berrybrew files",
        "    clone          Make a complete copy of a Perl installation",
        "    config         Add berrybrew to your PATH",
        "    exec *         Run a command for every installed Strawberry Perl",
        "    fetch          Update the list of Strawberry Perl instances available",
        "    install        Download, extract and install a Strawberry Perl",
        "    modules *      Export and import a module list from one Perl to install on another",
        "    off            Disable berrybrew perls (use 'switch' to re-enable)",
        "    register       Manually register a custom installation directory",
        "    remove         Uninstall a Strawberry Perl",
        "    switch         Switch to use a different Strawberry Perl",
        "    unconfig       Remove berrybrew from PATH",
        "    upgrade        Performs a safe upgrade. Requires Git installed",
        "    use *          Use a specific Strawberry Perl version temporarily",
        "    help           Display this help screen",
        "    license        Show berrybrew license",
        "    version        Displays the version",
        "",
        "",
        "    * - view subcommand details with 'berrybrew <command> help'"
    ]
},
{
    "label": "license",

    "content": [

        "",
        "This software is Copyright (c) 2014 by David Farrell.",
        "",
        "Versions in the format 'n.nn' Copyright (c) 2017 by Steve Bertrand.",
        "",
        "This is free software, licensed under:",
        "",
        "  The (two-clause) FreeBSD License",
        "",
        "The FreeBSD License",
        "",
        "Redistribution and use in source and binary forms, with or without",
        "modification, are permitted provided that the following conditions are",
        "met:",
        "",
        "  1. Redistributions of source code must retain the above copyright",
        "     notice, this list of conditions and the following disclaimer.",
        "",
        "  2. Redistributions in binary form must reproduce the above copyright",
        "     notice, this list of conditions and the following disclaimer in the",
        "     documentation and/or other materials provided with the",
        "     distribution.",
        "",
        "THIS SOFTWARE IS PROVIDED BY THE COPYRIGHT HOLDERS AND CONTRIBUTORS",
        "``AS IS'' AND ANY EXPRESS OR IMPLIED WARRANTIES, INCLUDING, BUT NOT",
        "LIMITED TO, THE IMPLIED WARRANTIES OF MERCHANTABILITY AND FITNESS FOR",
        "A PARTICULAR PURPOSE ARE DISCLAIMED.IN NO EVENT SHALL THE COPYRIGHT",
        "HOLDER OR CONTRIBUTORS BE LIABLE FOR ANY DIRECT, INDIRECT, INCIDENTAL,",
        "SPECIAL, EXEMPLARY, OR CONSEQUENTIAL DAMAGES(INCLUDING, BUT NOT",
        "LIMITED TO, PROCUREMENT OF SUBSTITUTE GOODS OR SERVICES; LOSS OF USE,",
        "DATA, OR PROFITS; OR BUSINESS INTERRUPTION) HOWEVER CAUSED AND ON ANY",
        "THEORY OF LIABILITY, WHETHER IN CONTRACT, STRICT LIABILITY, OR TORT",
        "(INCLUDING NEGLIGENCE OR OTHERWISE) ARISING IN ANY WAY OUT OF THE USE",
        "OF THIS SOFTWARE, EVEN IF ADVISED OF THE POSSIBILITY OF SUCH DAMAGE."
    ]
},
{
    "label": "subcmd.clean",

    "content": [
        "",
        "   berrybrew 'clean' subcommands:",
        "",
        "   temp   Removes all downloaded Perl installation files",
        "   orphan Deletes all orphaned Perl installations",
        "   module Deletes the exported module list directory",
        "   dev    Deletes all files/directories related to berrybrew development",
        "   all    Clean everything"
    ]
},
{
    "label": "subcmd.exec",

    "content": [
        "",
        "   berrybrew 'exec' subcommands:",
        "",
        "   --with perlver,perlver <command>",
        "",
        "   Execute a command across only select versions of Perl"
    ]
},
{
    "label": "subcmd.modules",
    
    "content": [
        "",
        "   berrybrew 'modules' subcommands:",
        "",
        "   export  Exports a list of all installed modules in the current Perl",
        "   import  Imports a previously exported module list and installs them in the current perl",
    ]
},    
{
    "label": "subcmd.use",

    "content": [
        "",
        "   berrybrew 'use' subcommands:",
        "",
        "   perlver,perlver",
        "",
        "      Use the given version (or versions) of Perl temporarily,",
        "      inside your original command window, by putting the selected",
        "      Perl version at the start of your path.",
        "      When done with a given version, type exit to leave that",
        "      version's environment, and either move on to the next version,",
        "      or return to your original environment if there are no more",
        "      selected versions to use",
        "",
        "   --win perlver,perlver",
        "   --window perlver,perlver",
        "   --windowed perlver,perlver",
        "",
        "      Use the given version (or versions) of Perl temporarily,",
        "      with each new version spawning its own command window.",
        "      When done with a given version, type exit to close that window."
    ]
  },
  {
      "label": "warning_modules_beta",
      
      "content": [
          "the 'modules' functionality is in beta. It's best to export from an",
          "older version of Perl and import into a newer one. Even still the",
          "import process may take quite some time to complete. Please report",
          "any issues."
      ]
  }
]
